<?xml version="1.0" encoding="UTF-8"?>
<w:wordDocument xmlns:aml="http://schemas.microsoft.com/aml/2001/core" xmlns:number="urn:oasis:names:tc:opendocument:xmlns:datastyle:1.0" xmlns:dt="uuid:C2F41010-65B3-11d1-A29F-00AA00C14882" xmlns:v="urn:schemas-microsoft-com:vml" xmlns:fo="urn:oasis:names:tc:opendocument:xmlns:xsl-fo-compatible:1.0" xmlns:w10="urn:schemas-microsoft-com:office:word" xmlns:w="http://schemas.microsoft.com/office/word/2003/wordml" xmlns:wx="http://schemas.microsoft.com/office/word/2003/auxHint" xmlns:o="urn:schemas-microsoft-com:office:office" xml:space="preserve" w:embeddedObjPresent="no">
            <o:DocumentProperties><o:Title/><o:Subject/><o:Keywords/><o:Description/><o:Category/><o:Author>David Carlson</o:Author><o:LastAuthor>David Carlson</o:LastAuthor><o:Manager/><o:Company/><o:HyperlinkBase/><o:Revision>1</o:Revision><o:TotalTime>3</o:TotalTime><o:LastPrinted/><o:Created>2013-12-09T14:55:25.80Z</o:Created><o:LastSaved>2013-12-09T15:00:45.11Z</o:LastSaved><o:Pages>1</o:Pages><o:Words>242</o:Words><o:Characters>1492</o:Characters><o:Paragraphs>4</o:Paragraphs></o:DocumentProperties><o:CustomDocumentProperties><o:Editor dt:dt="string">OpenOffice/4.0.0$Win32 OpenOffice.org_project/400m3$Build-9702</o:Editor><o:Language dt:dt="string"/></o:CustomDocumentProperties>
            <w:fonts><w:defaultFonts w:ascii="" w:h-ansi="" w:fareast="" w:cs=""/><w:font w:name="Mangal1"><w:family w:val="System"/><w:pitch w:val=""/></w:font><w:font w:name="Times-Roman"><w:family w:val="Roman"/><w:pitch w:val=""/></w:font><w:font w:name="Times New Roman"><w:family w:val="Roman"/><w:pitch w:val="variable"/></w:font><w:font w:name="Arial"><w:family w:val="Swiss"/><w:pitch w:val="variable"/></w:font><w:font w:name="Mangal"><w:family w:val="System"/><w:pitch w:val="variable"/></w:font><w:font w:name="Microsoft YaHei"><w:family w:val="System"/><w:pitch w:val="variable"/></w:font><w:font w:name="SimSun"><w:family w:val="System"/><w:pitch w:val="variable"/></w:font></w:fonts>
            
                <w:lists><w:listDef w:listDefId="0"><w:lvl w:ilvl="0"><w:start w:val="1"/><w:nfc w:val="255"/><w:lvlText w:val="%1"/><w:lvlJc w:val="left"/><w:suff w:val="Nothing"/></w:lvl><w:lvl w:ilvl="1"><w:start w:val="1"/><w:nfc w:val="255"/><w:lvlText w:val="%2"/><w:lvlJc w:val="left"/><w:suff w:val="Nothing"/></w:lvl><w:lvl w:ilvl="2"><w:start w:val="1"/><w:nfc w:val="255"/><w:lvlText w:val="%3"/><w:lvlJc w:val="left"/><w:suff w:val="Nothing"/></w:lvl><w:lvl w:ilvl="3"><w:start w:val="1"/><w:nfc w:val="255"/><w:lvlText w:val="%4"/><w:lvlJc w:val="left"/><w:suff w:val="Nothing"/></w:lvl><w:lvl w:ilvl="4"><w:start w:val="1"/><w:nfc w:val="255"/><w:lvlText w:val="%5"/><w:lvlJc w:val="left"/><w:suff w:val="Nothing"/></w:lvl><w:lvl w:ilvl="5"><w:start w:val="1"/><w:nfc w:val="255"/><w:lvlText w:val="%6"/><w:lvlJc w:val="left"/><w:suff w:val="Nothing"/></w:lvl><w:lvl w:ilvl="6"><w:start w:val="1"/><w:nfc w:val="255"/><w:lvlText w:val="%7"/><w:lvlJc w:val="left"/><w:suff w:val="Nothing"/></w:lvl><w:lvl w:ilvl="7"><w:start w:val="1"/><w:nfc w:val="255"/><w:lvlText w:val="%8"/><w:lvlJc w:val="left"/><w:suff w:val="Nothing"/></w:lvl><w:lvl w:ilvl="8"><w:start w:val="1"/><w:nfc w:val="255"/><w:lvlText w:val="%9"/><w:lvlJc w:val="left"/><w:suff w:val="Nothing"/></w:lvl></w:listDef><w:listDef w:listDefId="1"><w:lvl w:ilvl="0"><w:start w:val="1"/><w:nfc w:val="1"/><w:lvlText w:val="%1."/><w:lvlJc w:val="left"/><w:suff w:val="Nothing"/></w:lvl><w:lvl w:ilvl="1"><w:start w:val="1"/><w:lvlText w:val="%2."/><w:lvlJc w:val="left"/><w:suff w:val="Nothing"/></w:lvl><w:lvl w:ilvl="2"><w:start w:val="1"/><w:lvlText w:val="%3."/><w:lvlJc w:val="left"/><w:suff w:val="Nothing"/></w:lvl><w:lvl w:ilvl="3"><w:start w:val="1"/><w:lvlText w:val="%4."/><w:lvlJc w:val="left"/><w:suff w:val="Nothing"/></w:lvl><w:lvl w:ilvl="4"><w:start w:val="1"/><w:lvlText w:val="%5."/><w:lvlJc w:val="left"/><w:suff w:val="Nothing"/></w:lvl><w:lvl w:ilvl="5"><w:start w:val="1"/><w:lvlText w:val="%6."/><w:lvlJc w:val="left"/><w:suff w:val="Nothing"/></w:lvl><w:lvl w:ilvl="6"><w:start w:val="1"/><w:lvlText w:val="%7."/><w:lvlJc w:val="left"/><w:suff w:val="Nothing"/></w:lvl><w:lvl w:ilvl="7"><w:start w:val="1"/><w:lvlText w:val="%8."/><w:lvlJc w:val="left"/><w:suff w:val="Nothing"/></w:lvl><w:lvl w:ilvl="8"><w:start w:val="1"/><w:lvlText w:val="%9."/><w:lvlJc w:val="left"/><w:suff w:val="Nothing"/></w:lvl></w:listDef><w:list w:ilfo="1"><w:ilst w:val="0"/></w:list><w:list w:ilfo="2"><w:ilst w:val="1"/></w:list></w:lists>
            
            <w:styles>
                <w:style w:styleId="default-paragraph-style" w:type="paragraph" w:default="on"><w:name w:val="default-paragraph-style"/><w:pPr><w:adjustRightInd w:val="off"/><w:spacing/><w:ind/><w:widowControl w:val="off"/><w:pBdr/><w:ind/></w:pPr><w:rPr><w:rFonts w:ascii="Times New Roman" w:h-ansi="Times New Roman" w:fareast="SimSun" w:cs="Mangal"/><w:sz w:val="24"/><w:lang w:val="en-US"/></w:rPr></w:style><w:style w:styleId="default-table-style" w:type="table" w:default="on"><w:name w:val="default-table-style"/><w:tblPr><w:tblInd w:w="0" w:type="auto"/></w:tblPr></w:style><w:style w:styleId="Standard" w:type="paragraph"><w:basedOn w:val="default-paragraph-style"/><w:name w:val="Standard"/></w:style><w:style w:styleId="Heading" w:type="paragraph"><w:basedOn w:val="Standard"/><w:name w:val="Heading"/><w:next w:val="Text_20_body"/><w:pPr><w:adjustRightInd w:val="off"/><w:spacing w:before="239.79" w:after="120.255"/><w:ind/><w:widowControl w:val="off"/><w:pBdr/><w:ind/></w:pPr><w:rPr><w:rFonts w:ascii="Arial" w:h-ansi="Arial" w:fareast="Microsoft YaHei" w:cs="Mangal"/><w:sz w:val="28"/></w:rPr></w:style><w:style w:styleId="Text_20_body" w:type="paragraph"><w:basedOn w:val="Standard"/><w:name w:val="Text_20_body"/><w:pPr><w:adjustRightInd w:val="off"/><w:spacing w:before="0" w:after="120.255"/><w:ind/><w:widowControl w:val="off"/><w:pBdr/><w:ind/></w:pPr></w:style><w:style w:styleId="List" w:type="paragraph"><w:basedOn w:val="Text_20_body"/><w:name w:val="List"/><w:rPr><w:rFonts w:cs="Mangal1"/></w:rPr></w:style><w:style w:styleId="Caption" w:type="paragraph"><w:basedOn w:val="Standard"/><w:name w:val="Caption"/><w:pPr><w:adjustRightInd w:val="off"/><w:spacing w:before="120.255" w:after="120.255"/><w:ind/><w:widowControl w:val="off"/><w:supressLineNumbers/><w:pBdr/><w:ind/></w:pPr><w:rPr><w:rFonts w:cs="Mangal1"/><w:sz w:val="24"/><w:i/></w:rPr></w:style><w:style w:styleId="Index" w:type="paragraph"><w:basedOn w:val="Standard"/><w:name w:val="Index"/><w:pPr><w:adjustRightInd w:val="off"/><w:spacing/><w:ind/><w:widowControl w:val="off"/><w:supressLineNumbers/><w:pBdr/><w:ind/></w:pPr><w:rPr><w:rFonts w:cs="Mangal1"/></w:rPr></w:style><w:style w:styleId="Heading_20_1" w:type="paragraph"><w:basedOn w:val="Heading"/><w:name w:val="Heading_20_1"/><w:next w:val="Text_20_body"/><w:rPr><w:b/></w:rPr></w:style><w:style w:styleId="Footnote" w:type="paragraph"><w:basedOn w:val="Standard"/><w:name w:val="Footnote"/><w:pPr><w:adjustRightInd w:val="off"/><w:spacing/><w:ind w:left="282.9954" w:right="0" w:hanging="282.9954"/><w:widowControl w:val="off"/><w:supressLineNumbers/><w:pBdr/><w:ind/></w:pPr><w:rPr><w:sz w:val="20"/></w:rPr></w:style><w:style w:styleId="List_20_Contents" w:type="paragraph"><w:basedOn w:val="Standard"/><w:name w:val="List_20_Contents"/><w:pPr><w:adjustRightInd w:val="off"/><w:spacing/><w:ind w:left="566.9989" w:right="0" w:first-line="0"/><w:widowControl w:val="off"/><w:pBdr/><w:ind/></w:pPr></w:style><w:style w:styleId="Numbering_20_Symbols" w:type="character"><w:name w:val="Numbering_20_Symbols"/></w:style><w:style w:styleId="Footnote_20_Symbol" w:type="character"><w:name w:val="Footnote_20_Symbol"/></w:style><w:style w:styleId="Footnote_20_anchor" w:type="character"><w:name w:val="Footnote_20_anchor"/><w:rPr><w:vertAlign w:val="superscript"/><w:position w:val="0"/></w:rPr></w:style><w:style w:styleId="Endnote_20_Symbol" w:type="character"><w:name w:val="Endnote_20_Symbol"/></w:style><w:style w:styleId="Internet_20_link" w:type="character"><w:name w:val="Internet_20_link"/><w:rPr><w:u w:val="single"/><w:color w:val="000080"/><w:lang w:val="zxx-none"/></w:rPr></w:style><w:style w:styleId="Visited_20_Internet_20_Link" w:type="character"><w:name w:val="Visited_20_Internet_20_Link"/><w:rPr><w:u w:val="single"/><w:color w:val="800000"/><w:lang w:val="zxx-none"/></w:rPr></w:style>
                <w:style w:styleId="P1" w:type="paragraph"><w:basedOn w:val="Standard"/><w:name w:val="P1"/><w:hidden w:val="on"/><w:pPr><w:adjustRightInd w:val="off"/><w:jc w:val="left"/><w:spacing/><w:ind/><w:widowControl w:val="off"/><w:autoSpaceDE w:val="off"/><w:autoSpaceDN w:val="off"/><w:pBdr/><w:ind/></w:pPr></w:style><w:style w:styleId="T1" w:type="character"><w:name w:val="T1"/><w:hidden w:val="on"/><w:rPr><w:rFonts w:ascii="Times-Roman" w:h-ansi="Times-Roman" w:fareast="Times-Roman" w:cs="Times-Roman"/><w:sz w:val="28"/></w:rPr></w:style>
                <w:style w:type="character" w:styleId="Hyperlink"><w:name w:val="Hyperlink"/><w:rsid w:val="006A55B0"/><w:rPr><w:color w:val="000080"/><w:u w:val="single"/></w:rPr></w:style><w:style w:type="character" w:styleId="FollowedHyperlink"><w:name w:val="FollowedHyperlink"/><w:rsid w:val="006A55B0"/><w:rPr><w:color w:val="800000"/><w:u w:val="single"/></w:rPr></w:style>
                <w:style w:type="character" w:styleId="CommentReference"><w:name w:val="annotation reference"/><w:basedOn w:val="DefaultParagraphFont"/><w:semiHidden/><w:rsid w:val="007770B7"/><w:rPr><w:sz w:val="16"/><w:sz-cs w:val="16"/></w:rPr></w:style><w:style w:type="paragraph" w:styleId="CommentText"><w:name w:val="annotation text"/><w:basedOn w:val="Normal"/><w:semiHidden/><w:rsid w:val="007770B7"/><w:pPr><w:pStyle w:val="CommentText"/></w:pPr><w:rPr><w:sz w:val="20"/><w:sz-cs w:val="20"/></w:rPr></w:style><w:style w:type="paragraph" w:styleId="CommentSubject"><w:name w:val="annotation subject"/><w:basedOn w:val="CommentText"/><w:next w:val="CommentText"/><w:semiHidden/><w:rsid w:val="007770B7"/><w:pPr><w:pStyle w:val="CommentSubject"/></w:pPr><w:rPr><w:b/><w:b-cs/></w:rPr></w:style>
            </w:styles>
            
            <w:docPr><w:displayBackgroundShape/><w:view w:val="print"/><w:zoom w:percent=""/><w:defaultTabStop w:val="709.2887"/><w:docVars/></w:docPr>
            <w:body><w:p><w:pPr><w:pStyle w:val="Heading_20_1"/></w:pPr><w:r><w:t>INTRODUCTION</w:t></w:r></w:p><w:p><w:pPr><w:pStyle w:val="Standard"/></w:pPr><w:r><w:t>U.S. Patent No. 7,010,508 (“the ’508 Patent”; Ex. 1007) issued March 7, 2006 and is assigned to Landmark Technologies LLC (“Landmark”). Each of claims 1-17 of the ’508 Patent is unpatentable for two independent reasons. First, the specification of the ’508 Patent fails to disclose a structure for many of the means-plus-function elements in the claims. Second, every element of each of those claims was known in the prior art, including the use of so-called “forwardchaining” – the alleged inventive feature of the ’508 Patent.</w:t></w:r></w:p><w:p><w:pPr><w:pStyle w:val="Standard"/></w:pPr></w:p><w:p><w:pPr><w:pStyle w:val="Standard"/></w:pPr><w:r><w:t>Each of the ’508 Patent’s claims is unpatentable for failure to comply with 35 U.S.C. § 112 ¶ 2 and 6. A claim element governed by § 112 ¶ 6 is indefinite if the specification does not disclose its corresponding structure(s). Aristocrat Techs. Austl. Pty Ltd. v. Int’l Game Tech., 521 F.3d 1328, 1338 (Fed. Cir. 2008).</w:t></w:r><w:r><w:rPr><w:rStyle w:val="Footnote"/></w:rPr><w:footnote><w:p><w:pPr><w:pStyle w:val="P1"/></w:pPr><w:r><w:rPr><w:rStyle w:val="Footnote_20_Symbol"/></w:rPr><w:footnoteRef/></w:r><w:r><w:tab/></w:r><w:r><w:rPr><w:rStyle w:val="T1"/></w:rPr><w:t>The ’508 Patent is subject to pre-AA patentability rules because all claims of the08 Patent were filed prior to Mrch 16, 2013.</w:t></w:r></w:p></w:footnote></w:r><w:r><w:t> To disclose structure for a § 112 ¶ 6 element consisting of a function performed on a programmed, general-purpose computer, the specification must teach the algorithm that performs that function. Id. Each claim of the ’508 Patent recites means to perform various functions on a programmed, general-purpose computer, for which Petition for Post-Grant Review of U.S. Patent No. 7,010,508 the ’508 Patent fails to teach any corresponding algorithm. Thus, claims 1-17 are indefinite and therefore unpatentable.</w:t></w:r></w:p><w:sectPr><w:type w:val="next-page"/><w:pgSz w:w="12241.5302" w:h="15841.9803" w:orient="portrait"/><w:pgMar w:top="1133.9978" w:bottom="1133.9978" w:left="1133.9978" w:gutter="0" w:right="1133.9978"/><w:pgBorders w:offset-from="text"/></w:sectPr></w:body>
        </w:wordDocument>